{"cameraMode":{"drawMode":0,"name":"Shaded","section":"Shading Mode"},"sceneLighting":true,"audioPlay":false,"sceneViewState":{"m_AlwaysRefresh":false,"showFog":true,"showSkybox":true,"showFlares":true,"showImageEffects":true,"showParticleSystems":true,"showVisualEffectGraphs":true,"m_FxEnabled":true},"in2DMode":false,"pivot":{"x":-0.021799469366669656,"y":-0.30980682373046877,"z":4.616053581237793},"rotation":{"x":0.45271632075309756,"y":-0.0040177772752940659,"z":0.0020359030459076168,"w":0.8916509747505188},"size":26.20413589477539,"orthographic":false}